{"cameraMode":{"drawMode":0,"name":"Shaded","section":"Shading Mode"},"sceneLighting":true,"audioPlay":false,"sceneViewState":{"m_AlwaysRefresh":false,"showFog":true,"showSkybox":true,"showFlares":true,"showImageEffects":true,"showParticleSystems":true,"showVisualEffectGraphs":true,"m_FxEnabled":true},"in2DMode":false,"pivot":{"x":20.076671600341798,"y":-14.224468231201172,"z":56.25309753417969},"rotation":{"x":0.10264570266008377,"y":-0.897386372089386,"z":0.3031797409057617,"w":0.30379074811935427},"size":117.00173950195313,"orthographic":false}