{"cameraMode":{"drawMode":0,"name":"Shaded","section":"Shading Mode"},"sceneLighting":false,"audioPlay":false,"sceneViewState":{"m_AlwaysRefresh":false,"showFog":true,"showSkybox":false,"showFlares":true,"showImageEffects":true,"showParticleSystems":true,"showVisualEffectGraphs":true,"m_FxEnabled":true},"in2DMode":false,"pivot":{"x":6.391414642333984,"y":31.315250396728517,"z":-3.45050048828125},"rotation":{"x":-0.007715458050370216,"y":-0.9437330961227417,"z":0.32992061972618105,"w":-0.022081749513745309},"size":181.84901428222657,"orthographic":false}